CRPBS,Distance of Center Position of CRPBS to TSS,Transcription Unit,Regulatory Role
tccacattgaTTATTTGCACGGCGTCACACTTtgctatgcca,-93.5,araBAD,+
tggcatagcaAAGTGTGACGCCGTGCAAATAAtcaatgtgga,-72.5,araC,+
aagacaagaaATTTGCGAGGCGTTACGAAGAAagttggggaa,20.5,ppdD-hofBC,+
ataaagctcgAATTGTGATGACGATCACACATgttaaaacct,-65.5,hpt,+
aggttttaacATGTGTGATCGTCATCACAATTcgagctttat,-31.5,gcd,-
taatccgcaaATATGCGTTTCAGTTAACGTTTcaggcaatgt,-68.5,prpR,+
acattgcctgAAACGTTAACTGAAACGCATATttgcggatta,-106.5,prpBCDE,+
ttcctgtgtgAAATTGTTATCCGCTCACAATTccacacaaca,11.5,lacZYA,+
ttcctgtgtgAAATTGTTATCCGCTCACAATTccacacaaca,26.5,lacZYA,-
ttcctgtgtgAAATTGTTATCCGCTCACAATTccacacaaca,33.5,lacZYA,-
ggggtgcctaATGAGTGAGCTAACTCACATTAattgcgttgc,-61.5,lacZYA,+
ggggtgcctaATGAGTGAGCTAACTCACATTAattgcgttgc,-46.5,lacZYA,-
ggggtgcctaATGAGTGAGCTAACTCACATTAattgcgttgc,-39.5,lacZYA,-
agttgcgctgTACTGTGCGCGCAACGACATTTtgtccgagtc,-40.5,mhpR-lacI,+
aaaatgacttTTTTCATACCACCATCACAACCaccagaacgg,44.5,araJ,-
ctgaatagttATTTCACTGCAAACGTACTTTCcagtttgctg,-90.5,araJ,+
gtgactgcaaAATAGTGACCTCGCGCAAAATGcactaataaa,-83.5,hupB,+
ttcatctaatCAATGTGATTATTTCAAGATGTaagttttggt,-31.5,nmpC,+
ttctcgtttgATTTGTGAAGTAGATCTCTATTtttatctgaa,-73.5,nmpC,+
actcggttaaCGGAGTGATCGAGTTAACATTGttaagttaaa,-89.5,cstA,+
acatcaaaaaTAACGCGACTTTTATCACTTTTtagtaaagtt,-61.5,cspE,+
ttgttaataaAAACGTGGCACAGCTTACATTTacaacggcaa,-70.5,fur,+
ttgttaataaAAACGTGGCACAGCTTACATTTacaacggcaa,-77.5,fur,+
aagatgcgaaAAGTGTGACATGGAATAAATTAgtggaatcgt,-41.5,galE,+
aagatgcgaaAAGTGTGACATGGAATAAATTAgtggaatcgt,-41.5,galET,+
aagatgcgaaAAGTGTGACATGGAATAAATTAgtggaatcgt,-41.5,galETK,+
aagatgcgaaAAGTGTGACATGGAATAAATTAgtggaatcgt,-41.5,galETKM,+
aagatgcgaaAAGTGTGACATGGAATAAATTAgtggaatcgt,-36.5,galE,-
aagatgcgaaAAGTGTGACATGGAATAAATTAgtggaatcgt,-36.5,galET,-
aagatgcgaaAAGTGTGACATGGAATAAATTAgtggaatcgt,-36.5,galETK,-
aagatgcgaaAAGTGTGACATGGAATAAATTAgtggaatcgt,-36.5,galETKM,-
tatgaatcaaAAATTTGAAGCAGTTAACGCTAttgacaggaa,-83.5,cspD,+
ctattgacagGAATGTGACAGATGTCGCTGATgccaacgata,-112.5,cspD,+
ttatagatgaGAAATTGATATAGATCATATCTcgcctggctt,-40.5,focA-pflB,+
agagattcttTTGTGTGATGCAAGCCACATTTttgccctcaa,-86,serC,-
agagattcttTTGTGTGATGCAAGCCACATTTttgccctcaa,-86,serC-aroA,-
acgtttgaaaTATTGTGACATATGTTTTGTCAaaatgtgcaa,-94.5,ptsG,+
tctgaagttgAAACGTGATAGCCGTCAAACAAattggcactg,-40.5,ptsG,+
actaaatgatAGATGTGATCTGGATCACATACaagatatttt,-152.5,comR,-
aaaatatcttGTATGTGATCCAGATCACATCTatcatttagt,-36.5,bhsA,-
ttatttctatTAATATGATAAATATCAAACAAtgtttaatgt,-61.5,hlyE,+
agagtcagggAGATGTGAGCCAGCTCACCATAaaaaagccgc,-43.5,dadAX,+
agagtcagggAGATGTGAGCCAGCTCACCATAaaaaagccgc,-72.5,dadAX,+
agagtcagggAGATGTGAGCCAGCTCACCATAaaaaagccgc,-59.5,dadAX,+
tgagttatcaAGATGTGATTAGATTATTATTCttttactgta,-9.5,dadAX,+
agttatcaagATGTGATTAGATTATTATTCTTttactgtatc,7,dadAX,+
taagggttgtAATTGTGATCACGCCCGCACATaacccactgg,-41.5,ychH,+
gccaattttcTTCAGTGACAGATTTCACGAAAatataagtta,-52.5,mcaS,+
tgtatgtttgAACTGTGACGGATTTCGCACCCtatttttata,-58.5,paaABCDEFGHIJK,+
tataaaaataGGGTGCGAAATCCGTCACAGTTcaaacataca,-136.5,paaZ,+
attgttgtaaAAATGTGACGCAAAGAGGTTTTtggtcataag,-52.5,trg,+
cgtagagtcaAACTGTGGTTGCCATCACAGATataaatgagc,-142.5,lsrACDBFG-tam,+
gctcatttatATCTGTGATGGCAACCACAGTTtgactctacg,-60.5,lsrRK,+
ttgcacatatTTCCGACGAATAGATCACAATTtatgctattt,-71.5,lsrACDBFG-tam,+
aaatagcataAATTGTGATCTATTCGTCGGAAatatgtgcaa,-131.5,lsrRK,+
agcgggtgcaTTGTGTGAGTTGTATCTGCTGGaagaagtcat,-53.5,fumC,+
atgaaagggtTTGTTTGACATTGTTCTCTCACttactgcctg,63.5,fumA,+
atgaaagggtTTGTTTGACATTGTTCTCTCACttactgcctg,63.5,fumAC,+
ataaaaggtaAAACGTTTTATCTGTCACATAAtcagggagta,-101.5,malXY,+
tactccctgaTTATGTGACAGATAAAACGTTTtaccttttat,17.5,malI,-
tatcaaatttTAGTGAGGCATAAATCACATTAcgcaacgata,-43.5,malI,+
tatcgttgcgTAATGTGATTTATGCCTCACTAaaatttgata,-41.5,malXY,+
cttgacctgtGGTTATGACCCTCTTCACATTTcgggcaaata,-83.5,chbBCARFG,+
ccaacgaaaaGGTTGCGAAGCGCGTCACTATTtatttttatc,-59.5,fadD-sroD,+
attttcaataATGCGTGATGCAGATCACACAAaacactcaat,-71.5,flhDC,+
ttaattctccATAGGAGAGCAATATCACATCGcagaattaca,-42.5,araFGH,+
tgagtgttgaTTATGCGAGCAGACTCGCACTCctgccagtct,-41.5,sbmC,+
ggatggaaaaTTCTTAGAAACCGATCACATACagctgcattt,-42.5,cyaR,+
tgtttttaaaTATCGAGATAACGATCACAAAAacgacaatat,-40.5,gatYZABCD,+
taatgggctaAAATTTGCGATGCGTCGCGCATttttgatgta,-94.5,cdd,-
atgggctaaaATTTGCGATGCGTCGCGCATTTttgatgtatg,-92.5,cdd,+
attgttaagaTACTGTGAAATCACTCACAGATtgaaagcggt,-41.5,mglBAC,+
ttatttaataATGTGTGCGGCAATTCACATTTaatttatgaa,-90.5,glpABC,+
ttcataaattAAATGTGAATTGCCGCACACATtattaaataa,-41.5,glpTQ,+
ttcgaaagtgAAACGTGATTTCATGCGTCATTttgaacattt,-40.5,glpABC,+
aaatgttcaaAATGACGCATGAAATCACGTTTcactttcgaa,-91.5,glpTQ,+
aaaacatgaaTTGTTTGATTTCGCGCATATTCgctcataatt,-.5,glpABC,+
aattatgagcGAATATGCGCGAAATCAAACAAttcatgtttt,-131.5,glpTQ,+
gcaaaatcggATAAGTGACCGAAATCACACTTaaaaatgatc,-157.5,fadL,+
ttaggtgcttTTTTGTGGCCTGCTTCAAACTTtcgcccctcc,-63.5,ptsHI-crr,+
ttaggtgcttTTTTGTGGCCTGCTTCAAACTTtcgcccctcc,-60.5,ptsHI-crr,+
ccgcttaagtTCTTATGACGCTCTTCACACTCtgcgagtgta,-71.5,murQP,+
ccgcttaagtTCTTATGACGCTCTTCACACTCtgcgagtgta,-79.5,murQP,+
tgagaaggtaACATGTGAGCGAGATCAAATTCtaaatcagca,28.5,xseA,-
tgctgatttaGAATTTGATCTCGCTCACATGTtaccttctca,-117.5,guaBA,+
atgttactaaTTTGTTGCTTTTGATCACAATAagaaaacaat,-68.5,csiD-lhgO-gabDTP,+
ggaaaaatatTCAGGTGACCGGTTTCACAAATataaaaaatg,-71.5,ascFB,+
ccgttacaggCGCTGTGACCGTGGTCGCAGTTggcttgttgt,56.5,rpoS,+
ggtggaatttTGTGCAGGCTTGATCACAACTCcttgctctgc,-62.5,rpoS,+
caggccttcaGAATGCGAAAAGCGTTCCAGTTtttcgcgatc,-60.5,relA-mazEF,+
tttcgattatTAAAGTGATGGTAGTCACATAAagtcaccttc,-80.5,fucPIKUR,+
tctagctaatAAGTGTGACCGCCGTCATATTAcagagcgttt,-40.5,fucPIKUR,+
cgacatgtcgTTATGTGATGGATATTCCAATTttcaaattaa,-94.5,araE,+
cgacatgtcgTTATGTGATGGATATTCCAATTttcaaattaa,-94.5,araE-ygeA,+
tatacaaagaTGATGTGATGAGAAAGTCAATTtgaataagac,-145.5,gcvTHP,+
cgggagatgaAAGTGTGATGGGTATCAAATAAacaacagagg,-313.5,gcvTHP,+
aagaagacatTTATCTGACTCACATCACACTTttatcccctt,-70.5,epd-pgk,+
aagaagacatTTATCTGACTCACATCACACTTttatcccctt,-70.5,epd-pgk-fbaA,+
gagatctacaAAGTTAGAGGCAGGTAACAAAAcgaagaatta,-91.5,ansB,+
atgtttgcaaTTATTTGCCACAGGTAACAAAAaaccagtccg,-42.5,nupG,+
gtttgcaattATTTGCCACAGGTAACAAAAAAccagtccgcg,-40.5,nupG,-
tttaaccgatTAATTTGATTTAGATCGCAATTtgcgatttaa,-49.5,aer,+
aatgaacaggATATGTGCGACCACTCACAAATtaactttcaa,-43.5,tdcABCDEFG,+
attatgtttcTTTTGTGAATCAGATCAGAAAAccattatctt,-60.5,kbaZ-agaVWA,+
aacgttgacaAAATGTGGCGTGGATCACTATAatgcctgcag,-19.5,metY,-
aacgttgacaAAATGTGGCGTGGATCACTATAatgcctgcag,-19.5,metY-rimP-nusA-infB-rbfA-truB-rpsO-pnp,-
ctgcaggcatTATAGTGATCCACGCCACATTTtgtcaacgtt,-167.5,argG,+
tttaataaagAATTTTGCGCTAAAGCACATTTctgtaccaat,-65.5,gltBDF,-
agaaagcttaTAATGCGATCTGCTTCACTAAAgtggcattat,-60.5,nanA,+
agaaagcttaTAATGCGATCTGCTTCACTAAAgtggcattat,-60.5,nanATEK-yhcH,+
gtgtctcgctTCAGCATGACCCAGGTCGCCTTccgttgcgcg,58.5,yhfA,-
cgcgcaacggAAGGCGACCTGGGTCATGCTGAagcgagacac,-59.5,crp,+
actgcacggtAATGTGACGTCCTTTGCATACAtgcagtacat,-42.5,yhfA,+
atgtactgcaTGTATGCAAAGGACGTCACATTaccgtgcagt,41.5,crp,-
tcactttttaTTCCGTGATCAAAATCACCTCTtaaaatgcaa,-7.5,ppiA,-
tcactttttaTTCCGTGATCAAAATCACCTCTtaaaatgcaa,12.5,ppiA,-
attgcaataaAACATTTAAACAGATCACAAAAtcacctaaaa,-95.5,ppiA,-
tgttgcattcTGCTGGGAGCAGGCTCGATTTAtggcctatac,1.5,hofMNOP,+
aaagatgttcGCCTGCAAATTCCGATGCAGATttacagcgcc,-80.5,hofMNOP,+
ttattgattcTGTTGATATGATCACGTTATACccaatgtgcg,-53,ompR-envZ,-
ttattgattcTGTTGATATGATCACGTTATACccaatgtgcg,-121,ompR-envZ,+
ttattgattcTGTTGATATGATCACGTTATACccaatgtgcg,-5,ompR-envZ,-
ttattgattcTGTTGATATGATCACGTTATACccaatgtgcg,-75,ompR-envZ,+
ttccccgcgaTAATATGACCAACCTCTCATAAtttaaattta,-71.5,gntT,+
ttccccgcgaTAATATGACCAACCTCTCATAAtttaaattta,-115.5,gntT,+
ttccccgcgaTAATATGACCAACCTCTCATAAtttaaattta,-112.5,gntT,+
aaagatttggAATTGTGACACAGTGCAAATTCagacacataa,-70.5,malT,+
aaaaacatttTAGAGTGATATGTATAACATTAtggcgtttat,-63.5,glpD,+
ataaacgccaTAATGTTATACATATCACTCTAaaatgttttt,-58.5,glpEGR,+
taagatagtaAGGTGTCAGAAAGATGACAAGGcggtgacggc,-26.5,ugpBAECQ,+
tgttttatcaGACCGTGATTTTATCCACAAGTtcaatgcaag,-27.5,rpoH,-
tgttttatcaGACCGTGATTTTATCCACAAGTtcaatgcaag,-20.5,rpoH,-
attacgcacaAAATGTGACATAGAGATGAAATaccgggaaga,-80.5,rpoH,-
attacgcacaAAATGTGACATAGAGATGAAATaccgggaaga,-73.5,rpoH,-
caaggatgtaAATAATGAAAAGGATGACATATtcgaaacgat,-19.5,gadEF-mdtEF,-
aaaggttaaaAAGTTTGAGCTGGCTCGCACAAaccagcactt,-81.5,dctA,+
tatctgtcgaGATCGTGAACTACGGCACACTTtgcgctacca,-105.5,yiaKLMNO-lyxK-sgbHUE,+
tggtagcgcaAAGTGTGCCGTAGTTCACGATCtcgacagata,50.5,yiaJ,-
cggtaacagcTTTACGACAGCTATCACGAATTtacgggcaag,-60.5,aldB,+
acgaaggcatAACATGCTGTAGATCACATCAGgtgaacgccg,-261.5,mtlADR,+
taagaaaataTCTTGTGATTCAGATCACAAAGattcaacaaa,-219.5,mtlADR,+
atcaaaacaaAAATGTGACACTACTCACATTTaaatgccatt,-175.5,mtlADR,+
tacacaagcgTTTTGTGATGAACGTCACGTCAattacctctc,-102.5,mtlADR,+
ccccctatatTTATGTGATTGATATCACACAAaaggccgtcg,-58.5,mtlADR,+
cacagccgccAATGTGCTGTGCGTCAATAAAAatctggggaa,-61.5,secB-gpsA,+
tatgaagtgaAAAGGTGAGATGCATCACGCTTcgcgcggtgt,-103.5,uhpT,+
agcaagggaaAATTGAGGGGTTGATCACGTTTtgtactgaat,-64,ivbL,+
agcaagggaaAATTGAGGGGTTGATCACGTTTtgtactgaat,-64,ivbL-ilvBN,+
ctattgataaAAATATGACCATGCTCGCAGTTattaactttg,-61.5,bglG,+
ctattgataaAAATATGACCATGCTCGCAGTTattaactttg,-61.5,bglGFB,+
ctattgataaAAATATGACCATGCTCGCAGTTattaactttg,-41.5,bglG,+
tctgttctgtTAAATGTGTTTTGCTCATAGTGtggtagaata,-23.5,trxA,-
cagcaaggtgTTAAATTGATCACGTTTTAGACcattttttcg,-2,cyaA,-
gcatttgcgtCATGGTGATGAGTATCACGAAAaaatgttaaa,-41.5,udp,+
attgcccctaAAAGGCGTTATCATGCGCACCAtcgtgcaaaa,-55.5,glnA,-
attgcccctaAAAGGCGTTATCATGCGCACCAtcgtgcaaaa,-55.5,glnALG,-
tgcccctaaaAGGCGTTATCATGCGCACCATCgtgcaaaagg,-57.5,glnA,-
tgcccctaaaAGGCGTTATCATGCGCACCATCgtgcaaaagg,-57.5,glnALG,-
tgaattgtggTGATGTGATGCTCACCGCATTTcctgaaaatt,-111.5,rhaSR,+
gctcaccgcaTTTCCTGAAAATTCACGCTGTAtcttgaaaaa,-92.5,rhaSR,+
taagaccagaAAACGTGATTTAACGCCTGATTtgtcgtacct,-63.5,hupA,+
acaaaaaataTAGATCTCCGTCACATTTTTGCgttatacagg,-25,psiE,-
ttaccgccaaTTCTGTAACAGAGATCACACAAagcgacggtg,-76.5,malEFG,+
caccgtcgctTTGTGTGATCTCTGTTACAGAAttggcggtaa,-195.5,malK-lamB-malM,+
cgtggcgattTTATGTGCGCATCTCCACATTAccgccaattc,-105.5,malEFG,+
gaattggcggTAATGTGGAGATGCGCACATAAaatcgccacg,-166.5,malK-lamB-malM,+
atgtaaggaaTTTCGTGATGTTGCTTGCAAAAatcgtggcga,-139.5,malEFG,+
tcgccacgatTTTTGCAAGCAACATCACGAAAttccttacat,-132.5,malK-lamB-malM,+
agaacacggcTTCTGTGAACTAAACCGAGGTCatgtaaggaa,-171.5,malEFG,+
ttccttacatGACCTCGGTTTAGTTCACAGAAgccgtgttct,-100.5,malK-lamB-malM,+
tttgtttagtATTTGGGCGACAGATCACGCAAaagtagaatt,-69.5,acs-yjcH-actP,+
cggcagggtaATTTTTGAAGGTCAGCAACAAAagttgattaa,-122.5,acs-yjcH-actP,+
aaacgaaatcCATGTGTGAAGTTGATCACAAAtttaaacact,-122.5,proP,+
aacgaaatccATGTGTGAAGTTGATCACAAATttaaacactg,-34.5,proP,-
agagggtgaaAACCGTGCTCCCACTCGCAGTCatcctccctc,-41.5,melR,+
gagggaggatGACTGCGAGTGGGAGCACGGTTttcaccctct,-195.5,melAB,+
taaactcagaTCCTGCGTGAAGCAGCAGTAAAtctgagttta,-155.5,melR,+
taaactcagaTTTACTGCTGCTTCACGCAGGAtctgagttta,-81.5,melAB,+
ttattcataaATTCGTGGGATCGTTCACGAAGtgcgtcagca,-57.5,dcuR,+
ctggctgcgtGGTTGGGAAGGGGTTCACTGGCttgacagtga,-96.5,hfq-hflXKC,-
atgtggaattATTTGCGGGTCGCGTCACATTTaatcataaat,-60.5,ulaABCDEF,+
tacgctttgaAAATGATGACACTATCACAGTTggcgcattca,-44,cpdB,+
acaaaaccagATTTGCAATTCGTGTCACAAAAtatgtcgatc,-61.5,nanCM,+
acaaaaccagATTTGCAATTCGTGTCACAAAAtatgtcgatc,-61.5,nanCMS,+
gaattctgaaATTGGTTAACCACATCACAAGAatttcactct,-57.5,uxuAB,+
agagtgaaatTCTTGTGATGTGGTTAACCAATttcagaattc,-126.5,gntP,+
gtgacgataaATATGTGATTCATATCACATATttatattgtg,-132.5,btsT,+
agatttccttAATTGTGATGTGTATCGAAGTGtgttgcggag,-40.5,deoCABD,+
